{
    "best_threshold": 0.3,
    "precision": 0.5756097560975609,
    "recall": 0.8,
    "f1_score": 0.6695035460992907,
    "confusion_matrix": [
        [
            415,
            174
        ],
        [
            59,
            236
        ]
    ]
}